{"cameraMode":{"drawMode":0,"name":"Shaded","section":"Shading Mode"},"sceneLighting":true,"audioPlay":false,"sceneViewState":{"m_AlwaysRefresh":false,"showFog":true,"showSkybox":true,"showFlares":true,"showImageEffects":true,"showParticleSystems":true,"showVisualEffectGraphs":true,"m_FxEnabled":true},"in2DMode":false,"pivot":{"x":-0.3785441219806671,"y":1.2586653232574463,"z":-1.5776270627975464},"rotation":{"x":-0.13860033452510835,"y":0.8105126619338989,"z":-0.21284736692905427,"w":-0.5277836918830872},"size":4.097541332244873,"orthographic":false}