{"cameraMode":{"drawMode":0,"name":"Shaded","section":"Shading Mode"},"sceneLighting":true,"audioPlay":false,"sceneViewState":{"m_AlwaysRefresh":false,"showFog":true,"showSkybox":true,"showFlares":true,"showImageEffects":true,"showParticleSystems":true,"showVisualEffectGraphs":true,"m_FxEnabled":true},"in2DMode":false,"pivot":{"x":-4.854108810424805,"y":1.9461827278137208,"z":-2.6653032302856447},"rotation":{"x":0.16613781452178956,"y":0.6751305460929871,"z":-0.16008761525154115,"w":0.7007113695144653},"size":0.2587614953517914,"orthographic":false}